0000-0000R,0000-0000R,0000-0009R,0000-0009R
0000-0005L,0000-0005L,0000-0018R,0000-0018R
0000-0005R,0000-0005R,0000-0024L,0000-0024L
0000-0007L,0000-0007L,0000-0033L,0000-0033L
0000-0007R,0000-0007R,0000-0042L,0000-0042L
0000-0009L,0000-0009L,0000-0042R,0000-0042R
0000-0011L,0000-0011L,0000-0046R,0000-0046R
0000-0011R,0000-0011R,0000-0066L,0000-0066L
0000-0012L,0000-0012L,0000-0068R,0000-0068R
0000-0012R,0000-0012R,0000-0073L,0000-0073L
0000-0013L,0000-0013L,0000-0082R,0000-0082R
0000-0013R,0000-0013R,0000-0101L,0000-0101L
0000-0014L,0000-0014L,0000-0102L,0000-0102L
0000-0014R,0000-0014R,0000-0117L,0000-0117L
0000-0023R,0000-0023R,0000-0127R,0000-0127R
0000-0025R,0000-0025R,0000-0146L,0000-0146L
0000-0028L,0000-0028L,0000-0148L,0000-0148L
0000-0028R,0000-0028R,0000-0160R,0000-0160R
0000-0031L,0000-0031L,0000-0162L,0000-0162L
0000-0031R,0000-0031R,0000-0170L,0000-0170L
0000-0032L,0000-0032L,0000-0170R,0000-0170R
0000-0032R,0000-0032R,0000-0175R,0000-0175R
0000-0033R,0000-0033R,0000-0220R,0000-0220R
0000-0034L,0000-0034L,0000-0227R,0000-0227R
0000-0034R,0000-0034R,0000-0229R,0000-0229R
0000-0036L,0000-0036L,0000-0240R,0000-0240R
0000-0036R,0000-0036R,0000-0241L,0000-0241L
0000-0037L,0000-0037L,0000-0252R,0000-0252R
0000-0037R,0000-0037R,0000-0253L,0000-0253L
0000-0038L,0000-0038L,0000-0269L,0000-0269L
0000-0038R,0000-0038R,0000-0273L,0000-0273L
0000-0039L,0000-0039L,0000-0306L,0000-0306L
0000-0039R,0000-0039R,0000-0307L,0000-0307L
0000-0040L,0000-0040L,0000-0312R,0000-0312R
0000-0040R,0000-0040R,0000-0315L,0000-0315L
0000-0043L,0000-0043L,0000-0315R,0000-0315R
0000-0043R,0000-0043R,0000-0324L,0000-0324L
0000-0044L,0000-0044L,0000-0339L,0000-0339L
0000-0044R,0000-0044R,0000-0339R,0000-0339R
0000-0045L,0000-0045L,0000-0343L,0000-0343L
0000-0045R,0000-0045R,0000-0344L,0000-0344L
0000-0046L,0000-0046L,0000-0345R,0000-0345R
0000-0047L,0000-0047L,0000-0347R,0000-0347R
0000-0047R,0000-0047R,0000-0348R,0000-0348R
0000-0049L,0000-0049L,0000-0350L,0000-0350L
0000-0049R,0000-0049R,0000-0357R,0000-0357R
0000-0051L,0000-0051L,0000-0368L,0000-0368L
0000-0051R,0000-0051R,0000-0368R,0000-0368R
0000-0052L,0000-0052L,0000-0370R,0000-0370R
0000-0052R,0000-0052R,0000-0372R,0000-0372R
0000-0054L,0000-0054L,0000-0378R,0000-0378R
0000-0054R,0000-0054R,0000-0385R,0000-0385R
0000-0056L,0000-0056L,0000-0395L,0000-0395L
0000-0056R,0000-0056R,0000-0404L,0000-0404L
0000-0059L,0000-0059L,0000-0404R,0000-0404R
0000-0059R,0000-0059R,0000-0407L,0000-0407L
0000-0061L,0000-0061L,0000-0428L,0000-0428L
0000-0061R,0000-0061R,0000-0442L,0000-0442L
0000-0063R,0000-0063R,0000-0455L,0000-0455L
0000-0064L,0000-0064L,0000-0478L,0000-0478L
0000-0064R,0000-0064R,0000-0483L,0000-0483L
0000-0068L,0000-0068L,0000-0483R,0000-0483R
0000-0073R,0000-0073R,0000-0488R,0000-0488R
0000-0074L,0000-0074L,0000-0494L,0000-0494L
0000-0074R,0000-0074R,0000-0494R,0000-0494R
0000-0078L,0000-0078L,0000-0499R,0000-0499R
0000-0078R,0000-0078R,0000-0503L,0000-0503L
0000-0079L,0000-0079L,0000-0518L,0000-0518L
0000-0079R,0000-0079R,0000-0536L,0000-0536L
0000-0081L,0000-0081L,0000-0536R,0000-0536R
0000-0081R,0000-0081R,0000-0565L,0000-0565L
0000-0082L,0000-0082L,0000-0578R,0000-0578R
0000-0083L,0000-0083L,0000-0579L,0000-0579L
0000-0083R,0000-0083R,0000-0581L,0000-0581L
0000-0084L,0000-0084L,0000-0582R,0000-0582R
0000-0084R,0000-0084R,0000-0593L,0000-0593L
0000-0085L,0000-0085L,0000-0622R,0000-0622R
0000-0085R,0000-0085R,0000-0623L,0000-0623L
0000-0086L,0000-0086L,0000-0623R,0000-0623R
0000-0086R,0000-0086R,0000-0625R,0000-0625R
0000-0087L,0000-0087L,0000-0651R,0000-0651R
0000-0087R,0000-0087R,0000-0653R,0000-0653R
0000-0090L,0000-0090L,0000-0677R,0000-0677R
0000-0090R,0000-0090R,0000-0687R,0000-0687R
0000-0092L,0000-0092L,0000-0695L,0000-0695L
0000-0092R,0000-0092R,0000-0698R,0000-0698R
0000-0097L,0000-0097L,0000-0718R,0000-0718R
0000-0097R,0000-0097R,0000-0729R,0000-0729R
0000-0100L,0000-0100L,0000-0738L,0000-0738L
0000-0100R,0000-0100R,0000-0741L,0000-0741L
0000-0101R,0000-0101R,0000-0748R,0000-0748R
0000-0102R,0000-0102R,0000-0752L,0000-0752L
0000-0105L,0000-0105L,0000-0787L,0000-0787L
0000-0109L,0000-0109L,0000-0787R,0000-0787R
0000-0109R,0000-0109R,0000-0789L,0000-0789L
0000-0110R,0000-0110R,0000-0789R,0000-0789R
0000-0112L,0000-0112L,0000-0792R,0000-0792R
0000-0112R,0000-0112R,0000-0836L,0000-0836L
0000-0113L,0000-0113L,0000-0838L,0000-0838L
0000-0113R,0000-0113R,0000-0840L,0000-0840L
0000-0114L,0000-0114L,0000-0840R,0000-0840R
0000-0114R,0000-0114R,0000-0844L,0000-0844L
0000-0116L,0000-0116L,0000-0844R,0000-0844R
0000-0116R,0000-0116R,0000-0862R,0000-0862R
0000-0117R,0000-0117R,0000-0869R,0000-0869R
0000-0118L,0000-0118L,0000-0885R,0000-0885R
0000-0118R,0000-0118R,0000-0890R,0000-0890R
0000-0125L,0000-0125L,0000-0892L,0000-0892L
0000-0125R,0000-0125R,0000-0898L,0000-0898L
0000-0127L,0000-0127L,0000-0917L,0000-0917L
0000-0128L,0000-0128L,0000-0927R,0000-0927R
0000-0128R,0000-0128R,0000-0928L,0000-0928L
0000-0131L,0000-0131L,0000-0931L,0000-0931L
0000-0131R,0000-0131R,0000-0957L,0000-0957L
0000-0132L,0000-0132L,0000-0957R,0000-0957R
0000-0132R,0000-0132R,0000-0959L,0000-0959L
0000-0133L,0000-0133L,0000-0959R,0000-0959R
0000-0133R,0000-0133R,0000-0960R,0000-0960R
0000-0134L,0000-0134L,0000-0976L,0000-0976L
0000-0134R,0000-0134R,0000-0978L,0000-0978L
0000-0135L,0000-0135L,0000-0978R,0000-0978R
0000-0135R,0000-0135R,0000-0981L,0000-0981L
0000-0136L,0000-0136L,0000-0985L,0000-0985L
0000-0136R,0000-0136R,0000-0990R,0000-0990R
0000-0137L,0000-0137L,0000-0997R,0000-0997R
0000-0137R,0000-0137R,0000-1010L,0000-1010L
0000-0138L,0000-0138L,0000-1020L,0000-1020L
0000-0138R,0000-0138R,0000-1020R,0000-1020R
0000-0139L,0000-0139L,0000-1024L,0000-1024L
0000-0139R,0000-0139R,0000-1042R,0000-1042R
0000-0143R,0000-0143R,0000-1046R,0000-1046R
0000-0144R,0000-0144R,0000-1047R,0000-1047R
0000-0146R,0000-0146R,0000-1049R,0000-1049R
0000-0148R,0000-0148R,0000-1050L,0000-1050L
0000-0149L,0000-0149L,0000-1052L,0000-1052L
0000-0149R,0000-0149R,0000-1052R,0000-1052R
0000-0150L,0000-0150L,0000-1065R,0000-1065R
0000-0150R,0000-0150R,0000-1104L,0000-1104L
0000-0153L,0000-0153L,0000-1104R,0000-1104R
0000-0153R,0000-0153R,0000-1121R,0000-1121R
0000-0155L,0000-0155L,0000-1126L,0000-1126L
0000-0155R,0000-0155R,0000-1135R,0000-1135R
0000-0163L,0000-0163L,0000-1139L,0000-1139L
0000-0164L,0000-0164L,0000-1139R,0000-1139R
0000-0164R,0000-0164R,0000-1142L,0000-1142L
0000-0165L,0000-0165L,0000-1146L,0000-1146L
0000-0165R,0000-0165R,0000-1152L,0000-1152L
0000-0166L,0000-0166L,0000-1153L,0000-1153L
0000-0166R,0000-0166R,0000-1153R,0000-1153R
0000-0167L,0000-0167L,0000-1165R,0000-1165R
0000-0167R,0000-0167R,0000-1200R,0000-1200R
0000-0169L,0000-0169L,0000-1205R,0000-1205R
0000-0169R,0000-0169R,0000-1227L,0000-1227L
0000-0171L,0000-0171L,0000-1246R,0000-1246R
0000-0171R,0000-0171R,0000-1256R,0000-1256R
0000-0172R,0000-0172R,0000-1257L,0000-1257L
0000-0174L,0000-0174L,0000-1264R,0000-1264R
0000-0174R,0000-0174R,0000-1278L,0000-1278L
0000-0175L,0000-0175L,0000-1278R,0000-1278R
0000-0176L,0000-0176L,0000-1279L,0000-1279L
0000-0176R,0000-0176R,0000-1289R,0000-1289R
0000-0177L,0000-0177L,0000-1315R,0000-1315R
0000-0177R,0000-0177R,0000-1344L,0000-1344L
0000-0182L,0000-0182L,0000-1351L,0000-1351L
0000-0182R,0000-0182R,0000-1352L,0000-1352L
0000-0183L,0000-0183L,0000-1352R,0000-1352R
0000-0183R,0000-0183R,0000-1367R,0000-1367R
0000-0184L,0000-0184L,0000-1393L,0000-1393L
0000-0184R,0000-0184R,0000-1396L,0000-1396L
0000-0185L,0000-0185L,0000-1397R,0000-1397R
0000-0185R,0000-0185R,0000-1412R,0000-1412R
0000-0187L,0000-0187L,0000-1413L,0000-1413L
0000-0187R,0000-0187R,0000-1413R,0000-1413R
0000-0188L,0000-0188L,0000-1444L,0000-1444L
0000-0188R,0000-0188R,0000-1456L,0000-1456L
0000-0189L,0000-0189L,0000-1456R,0000-1456R
0000-0189R,0000-0189R,0000-1469L,0000-1469L
0000-0192L,0000-0192L,0000-1472L,0000-1472L
0000-0192R,0000-0192R,0000-1495L,0000-1495L
0000-0200L,0000-0200L,0000-1509L,0000-1509L
0000-0200R,0000-0200R,0000-1509R,0000-1509R
0000-0201L,0000-0201L,0000-1513R,0000-1513R
0000-0201R,0000-0201R,0000-1518L,0000-1518L
0000-0202L,0000-0202L,0000-1520L,0000-1520L
0000-0202R,0000-0202R,0000-1539R,0000-1539R
0000-0203R,0000-0203R,0000-1540R,0000-1540R
0000-0206L,0000-0206L,0000-1541L,0000-1541L
0000-0206R,0000-0206R,0000-1564L,0000-1564L
0000-0207L,0000-0207L,0000-1564R,0000-1564R
0000-0207R,0000-0207R,0000-1573L,0000-1573L
0000-0208L,0000-0208L,0000-1577L,0000-1577L
0000-0208R,0000-0208R,0000-1577R,0000-1577R
0000-0210L,0000-0210L,0000-1580L,0000-1580L
0000-0210R,0000-0210R,0000-1580R,0000-1580R
0000-0211L,0000-0211L,0000-1592R,0000-1592R
0000-0211R,0000-0211R,0000-1595R,0000-1595R
0000-0212L,0000-0212L,0000-1603R,0000-1603R
0000-0212R,0000-0212R,0000-1620L,0000-1620L
0000-0213L,0000-0213L,0000-1620R,0000-1620R
0000-0213R,0000-0213R,0000-1625L,0000-1625L
0000-0215L,0000-0215L,0000-1627L,0000-1627L
0000-0215R,0000-0215R,0000-1633L,0000-1633L
0000-0216L,0000-0216L,0000-1633R,0000-1633R
0000-0216R,0000-0216R,0000-1656L,0000-1656L
0000-0220L,0000-0220L,0000-1657L,0000-1657L
0000-0223L,0000-0223L,0000-1657R,0000-1657R
0000-0223R,0000-0223R,0000-1669L,0000-1669L
0000-0224L,0000-0224L,0000-1669R,0000-1669R
0000-0224R,0000-0224R,0000-1682L,0000-1682L
0000-0225L,0000-0225L,0000-1692R,0000-1692R
0000-0225R,0000-0225R,0000-1693R,0000-1693R
0000-0226L,0000-0226L,0000-1699L,0000-1699L
0000-0226R,0000-0226R,0000-1708L,0000-1708L
0000-0227L,0000-0227L,0000-1714L,0000-1714L
0000-0230L,0000-0230L,0000-1718R,0000-1718R
0000-0230R,0000-0230R,0000-1740L,0000-1740L
0000-0231L,0000-0231L,0000-1742R,0000-1742R
0000-0231R,0000-0231R,0000-1750L,0000-1750L
0000-0232L,0000-0232L,0000-1755L,0000-1755L
0000-0232R,0000-0232R,0000-1759R,0000-1759R
0000-0235L,0000-0235L,0000-1762R,0000-1762R
0000-0235R,0000-0235R,0000-1764L,0000-1764L
0000-0237L,0000-0237L,0000-1764R,0000-1764R
0000-0237R,0000-0237R,0000-1789R,0000-1789R
0000-0238L,0000-0238L,0000-1797L,0000-1797L
0000-0238R,0000-0238R,0000-1800R,0000-1800R
0000-0239L,0000-0239L,0000-1818L,0000-1818L
0000-0239R,0000-0239R,0000-1828L,0000-1828L
0000-0240L,0000-0240L,0000-1828R,0000-1828R
0000-0241R,0000-0241R,0000-1840L,0000-1840L
0000-0242R,0000-0242R,0000-1842L,0000-1842L
0000-0243L,0000-0243L,0000-1852L,0000-1852L
0000-0243R,0000-0243R,0000-1857L,0000-1857L
0000-0244L,0000-0244L,0000-1870R,0000-1870R
0000-0244R,0000-0244R,0000-1886R,0000-1886R
0000-0247L,0000-0247L,0000-1889L,0000-1889L
0000-0247R,0000-0247R,0000-1889R,0000-1889R
0000-0248L,0000-0248L,0000-1892L,0000-1892L
0000-0248R,0000-0248R,0000-1892R,0000-1892R
0000-0250L,0000-0250L,0000-1895L,0000-1895L
0000-0250R,0000-0250R,0000-1923R,0000-1923R
0000-0251L,0000-0251L,0000-1930L,0000-1930L
0000-0251R,0000-0251R,0000-1930R,0000-1930R
0000-0252L,0000-0252L,0000-1937L,0000-1937L
0000-0253R,0000-0253R,0000-1937R,0000-1937R
0000-0256L,0000-0256L,0000-1938R,0000-1938R
0000-0256R,0000-0256R,0000-1985L,
0000-0257R,0000-0257R,0000-1987R,
0000-0258L,0000-0258L,0000-1992R,
0000-0259R,0000-0259R,,
0000-0262L,0000-0262L,,
0000-0262R,0000-0262R,,
0000-0263L,0000-0263L,,
0000-0263R,0000-0263R,,
0000-0264L,0000-0264L,,
0000-0264R,0000-0264R,,
0000-0266L,0000-0266L,,
0000-0266R,0000-0266R,,
0000-0267L,0000-0267L,,
0000-0267R,0000-0267R,,
0000-0268L,0000-0268L,,
0000-0268R,0000-0268R,,
0000-0269R,0000-0269R,,
0000-0270L,0000-0270L,,
0000-0270R,0000-0270R,,
0000-0272L,0000-0272L,,
0000-0273R,0000-0273R,,
0000-0274L,0000-0274L,,
0000-0274R,0000-0274R,,
0000-0275L,0000-0275L,,
0000-0275R,0000-0275R,,
0000-0279L,0000-0279L,,
0000-0279R,0000-0279R,,
0000-0281L,0000-0281L,,
0000-0281R,0000-0281R,,
0000-0283L,0000-0283L,,
0000-0283R,0000-0283R,,
0000-0284L,0000-0284L,,
0000-0286L,0000-0286L,,
0000-0286R,0000-0286R,,
0000-0287L,0000-0287L,,
0000-0287R,0000-0287R,,
0000-0288L,0000-0288L,,
0000-0288R,0000-0288R,,
0000-0292R,0000-0292R,,
0000-0293L,0000-0293L,,
0000-0293R,0000-0293R,,
0000-0294L,0000-0294L,,
0000-0294R,0000-0294R,,
0000-0296L,0000-0296L,,
0000-0296R,0000-0296R,,
0000-0297L,0000-0297L,,
0000-0297R,0000-0297R,,
0000-0299L,0000-0299L,,
0000-0300L,0000-0300L,,
0000-0300R,0000-0300R,,
0000-0301L,0000-0301L,,
0000-0301R,0000-0301R,,
0000-0302L,0000-0302L,,
0000-0302R,0000-0302R,,
0000-0303L,0000-0303L,,
0000-0303R,0000-0303R,,
0000-0305L,0000-0305L,,
0000-0305R,0000-0305R,,
0000-0306R,0000-0306R,,
0000-0307R,0000-0307R,,
0000-0309L,0000-0309L,,
0000-0309R,0000-0309R,,
0000-0310L,0000-0310L,,
0000-0310R,0000-0310R,,
0000-0311L,0000-0311L,,
0000-0311R,0000-0311R,,
0000-0313L,0000-0313L,,
0000-0313R,0000-0313R,,
0000-0316L,0000-0316L,,
0000-0316R,0000-0316R,,
0000-0318L,0000-0318L,,
0000-0318R,0000-0318R,,
0000-0320L,0000-0320L,,
0000-0320R,0000-0320R,,
0000-0321L,0000-0321L,,
0000-0321R,0000-0321R,,
0000-0323L,0000-0323L,,
0000-0323R,0000-0323R,,
0000-0324R,0000-0324R,,
0000-0326L,0000-0326L,,
0000-0326R,0000-0326R,,
0000-0331L,0000-0331L,,
0000-0331R,0000-0331R,,
0000-0333L,0000-0333L,,
0000-0333R,0000-0333R,,
0000-0334L,0000-0334L,,
0000-0334R,0000-0334R,,
0000-0336L,0000-0336L,,
0000-0341L,0000-0341L,,
0000-0341R,0000-0341R,,
0000-0343R,0000-0343R,,
0000-0344R,0000-0344R,,
0000-0345L,0000-0345L,,
0000-0347L,0000-0347L,,
0000-0348L,0000-0348L,,
0000-0350R,0000-0350R,,
0000-0356L,0000-0356L,,
0000-0356R,0000-0356R,,
0000-0358R,0000-0358R,,
0000-0361L,0000-0361L,,
0000-0361R,0000-0361R,,
0000-0362R,0000-0362R,,
0000-0364L,0000-0364L,,
0000-0364R,0000-0364R,,
0000-0367L,0000-0367L,,
0000-0367R,0000-0367R,,
0000-0370L,0000-0370L,,
0000-0372L,0000-0372L,,
0000-0374L,0000-0374L,,
0000-0375L,0000-0375L,,
0000-0375R,0000-0375R,,
0000-0376L,0000-0376L,,
0000-0376R,0000-0376R,,
0000-0378L,0000-0378L,,
0000-0380L,0000-0380L,,
0000-0380R,0000-0380R,,
0000-0381L,0000-0381L,,
0000-0381R,0000-0381R,,
0000-0384L,0000-0384L,,
0000-0384R,0000-0384R,,
0000-0385L,0000-0385L,,
0000-0387L,0000-0387L,,
0000-0387R,0000-0387R,,
0000-0392L,0000-0392L,,
0000-0392R,0000-0392R,,
0000-0393L,0000-0393L,,
0000-0393R,0000-0393R,,
0000-0394L,0000-0394L,,
0000-0394R,0000-0394R,,
0000-0395R,0000-0395R,,
0000-0397L,0000-0397L,,
0000-0397R,0000-0397R,,
0000-0398L,0000-0398L,,
0000-0398R,0000-0398R,,
0000-0400L,0000-0400L,,
0000-0400R,0000-0400R,,
0000-0402L,0000-0402L,,
0000-0407R,0000-0407R,,
0000-0408L,0000-0408L,,
0000-0408R,0000-0408R,,
0000-0409L,0000-0409L,,
0000-0409R,0000-0409R,,
0000-0411L,0000-0411L,,
0000-0412L,0000-0412L,,
0000-0412R,0000-0412R,,
0000-0413L,0000-0413L,,
0000-0413R,0000-0413R,,
0000-0415L,0000-0415L,,
0000-0415R,0000-0415R,,
0000-0417L,0000-0417L,,
0000-0417R,0000-0417R,,
0000-0419R,0000-0419R,,
0000-0420R,0000-0420R,,
0000-0423R,0000-0423R,,
0000-0424L,0000-0424L,,
0000-0424R,0000-0424R,,
0000-0427L,0000-0427L,,
0000-0427R,0000-0427R,,
0000-0430L,0000-0430L,,
0000-0430R,0000-0430R,,
0000-0431L,0000-0431L,,
0000-0431R,0000-0431R,,
0000-0432L,0000-0432L,,
0000-0432R,0000-0432R,,
0000-0434L,0000-0434L,,
0000-0434R,0000-0434R,,
0000-0438L,0000-0438L,,
0000-0438R,0000-0438R,,
0000-0439L,0000-0439L,,
0000-0439R,0000-0439R,,
0000-0440L,0000-0440L,,
0000-0440R,0000-0440R,,
0000-0441L,0000-0441L,,
0000-0441R,0000-0441R,,
0000-0442R,0000-0442R,,
0000-0443L,0000-0443L,,
0000-0443R,0000-0443R,,
0000-0445L,0000-0445L,,
0000-0445R,0000-0445R,,
0000-0449L,0000-0449L,,
0000-0449R,0000-0449R,,
0000-0455R,0000-0455R,,
0000-0456L,0000-0456L,,
0000-0456R,0000-0456R,,
0000-0457L,0000-0457L,,
0000-0457R,0000-0457R,,
0000-0459L,0000-0459L,,
0000-0459R,0000-0459R,,
0000-0461L,0000-0461L,,
0000-0461R,0000-0461R,,
0000-0462L,0000-0462L,,
0000-0462R,0000-0462R,,
0000-0463L,0000-0463L,,
0000-0463R,0000-0463R,,
0000-0465L,0000-0465L,,
0000-0465R,0000-0465R,,
0000-0470L,0000-0470L,,
0000-0470R,0000-0470R,,
0000-0471L,0000-0471L,,
0000-0471R,0000-0471R,,
0000-0473L,0000-0473L,,
0000-0473R,0000-0473R,,
0000-0475L,0000-0475L,,
0000-0475R,0000-0475R,,
0000-0477L,0000-0477L,,
0000-0477R,0000-0477R,,
0000-0478R,0000-0478R,,
0000-0480L,0000-0480L,,
0000-0480R,0000-0480R,,
0000-0481L,0000-0481L,,
0000-0481R,0000-0481R,,
0000-0484L,0000-0484L,,
0000-0484R,0000-0484R,,
0000-0487L,0000-0487L,,
0000-0487R,0000-0487R,,
0000-0488L,0000-0488L,,
0000-0491L,0000-0491L,,
0000-0491R,0000-0491R,,
0000-0492L,0000-0492L,,
0000-0492R,0000-0492R,,
0000-0495L,0000-0495L,,
0000-0495R,0000-0495R,,
0000-0497L,0000-0497L,,
0000-0497R,0000-0497R,,
0000-0499L,0000-0499L,,
0000-0500L,0000-0500L,,
0000-0500R,0000-0500R,,
0000-0502L,0000-0502L,,
0000-0502R,0000-0502R,,
0000-0503R,0000-0503R,,
0000-0505L,0000-0505L,,
0000-0505R,0000-0505R,,
0000-0509L,0000-0509L,,
0000-0509R,0000-0509R,,
0000-0511L,0000-0511L,,
0000-0511R,0000-0511R,,
0000-0512L,0000-0512L,,
0000-0512R,0000-0512R,,
0000-0514L,0000-0514L,,
0000-0514R,0000-0514R,,
0000-0517L,0000-0517L,,
0000-0517R,0000-0517R,,
0000-0518R,0000-0518R,,
0000-0520L,0000-0520L,,
0000-0520R,0000-0520R,,
0000-0524L,0000-0524L,,
0000-0524R,0000-0524R,,
0000-0525L,0000-0525L,,
0000-0525R,0000-0525R,,
0000-0527L,0000-0527L,,
0000-0527R,0000-0527R,,
0000-0528L,0000-0528L,,
0000-0528R,0000-0528R,,
0000-0533R,0000-0533R,,
0000-0535L,0000-0535L,,
0000-0535R,0000-0535R,,
0000-0537L,0000-0537L,,
0000-0540L,0000-0540L,,
0000-0540R,0000-0540R,,
0000-0541L,0000-0541L,,
0000-0541R,0000-0541R,,
0000-0545L,0000-0545L,,
0000-0545R,0000-0545R,,
0000-0546L,0000-0546L,,
0000-0546R,0000-0546R,,
0000-0550L,0000-0550L,,
0000-0550R,0000-0550R,,
0000-0551R,0000-0551R,,
0000-0552L,0000-0552L,,
0000-0552R,0000-0552R,,
0000-0553L,0000-0553L,,
0000-0553R,0000-0553R,,
0000-0554L,0000-0554L,,
0000-0554R,0000-0554R,,
0000-0556L,0000-0556L,,
0000-0556R,0000-0556R,,
0000-0557L,0000-0557L,,
0000-0557R,0000-0557R,,
0000-0559L,0000-0559L,,
0000-0559R,0000-0559R,,
0000-0561L,0000-0561L,,
0000-0561R,0000-0561R,,
0000-0562L,0000-0562L,,
0000-0562R,0000-0562R,,
0000-0563L,0000-0563L,,
0000-0563R,0000-0563R,,
0000-0564R,0000-0564R,,
0000-0565R,0000-0565R,,
0000-0567L,0000-0567L,,
0000-0567R,0000-0567R,,
0000-0568L,0000-0568L,,
0000-0568R,0000-0568R,,
0000-0569L,0000-0569L,,
0000-0569R,0000-0569R,,
0000-0570L,0000-0570L,,
0000-0570R,0000-0570R,,
0000-0571L,0000-0571L,,
0000-0571R,0000-0571R,,
0000-0574L,0000-0574L,,
0000-0574R,0000-0574R,,
0000-0578L,0000-0578L,,
0000-0579R,0000-0579R,,
0000-0580L,0000-0580L,,
0000-0580R,0000-0580R,,
0000-0581R,0000-0581R,,
0000-0582L,0000-0582L,,
0000-0583L,0000-0583L,,
0000-0583R,0000-0583R,,
0000-0584L,0000-0584L,,
0000-0584R,0000-0584R,,
0000-0585L,0000-0585L,,
0000-0585R,0000-0585R,,
0000-0587L,0000-0587L,,
0000-0587R,0000-0587R,,
0000-0588R,0000-0588R,,
0000-0590L,0000-0590L,,
0000-0590R,0000-0590R,,
0000-0593R,0000-0593R,,
0000-0596L,0000-0596L,,
0000-0596R,0000-0596R,,
0000-0597L,0000-0597L,,
0000-0597R,0000-0597R,,
0000-0599L,0000-0599L,,
0000-0599R,0000-0599R,,
0000-0603L,0000-0603L,,
0000-0603R,0000-0603R,,
0000-0605L,0000-0605L,,
0000-0606L,0000-0606L,,
0000-0606R,0000-0606R,,
0000-0609L,0000-0609L,,
0000-0609R,0000-0609R,,
0000-0619L,0000-0619L,,
0000-0619R,0000-0619R,,
0000-0620L,0000-0620L,,
0000-0620R,0000-0620R,,
0000-0622L,0000-0622L,,
0000-0625L,0000-0625L,,
0000-0626L,0000-0626L,,
0000-0626R,0000-0626R,,
0000-0628L,0000-0628L,,
0000-0628R,0000-0628R,,
0000-0629L,0000-0629L,,
0000-0629R,0000-0629R,,
0000-0630L,0000-0630L,,
0000-0630R,0000-0630R,,
0000-0631L,0000-0631L,,
0000-0631R,0000-0631R,,
0000-0632L,0000-0632L,,
0000-0632R,0000-0632R,,
0000-0637L,0000-0637L,,
0000-0640L,0000-0640L,,
0000-0640R,0000-0640R,,
0000-0643R,0000-0643R,,
0000-0645L,0000-0645L,,
0000-0645R,0000-0645R,,
0000-0646L,0000-0646L,,
0000-0646R,0000-0646R,,
0000-0647L,0000-0647L,,
0000-0647R,0000-0647R,,
0000-0649L,0000-0649L,,
0000-0649R,0000-0649R,,
0000-0651L,0000-0651L,,
0000-0652L,0000-0652L,,
0000-0652R,0000-0652R,,
0000-0653L,0000-0653L,,
0000-0656L,0000-0656L,,
0000-0656R,0000-0656R,,
0000-0657L,0000-0657L,,
0000-0657R,0000-0657R,,
0000-0658L,0000-0658L,,
0000-0658R,0000-0658R,,
0000-0659L,0000-0659L,,
0000-0659R,0000-0659R,,
0000-0661L,0000-0661L,,
0000-0661R,0000-0661R,,
0000-0663L,0000-0663L,,
0000-0663R,0000-0663R,,
0000-0664L,0000-0664L,,
0000-0664R,0000-0664R,,
0000-0669L,0000-0669L,,
0000-0669R,0000-0669R,,
0000-0670L,0000-0670L,,
0000-0670R,0000-0670R,,
0000-0672L,0000-0672L,,
0000-0672R,0000-0672R,,
0000-0674L,0000-0674L,,
0000-0674R,0000-0674R,,
0000-0675L,0000-0675L,,
0000-0675R,0000-0675R,,
0000-0680R,0000-0680R,,
0000-0681L,0000-0681L,,
0000-0681R,0000-0681R,,
0000-0683L,0000-0683L,,
0000-0683R,0000-0683R,,
0000-0684L,0000-0684L,,
0000-0684R,0000-0684R,,
0000-0686L,0000-0686L,,
0000-0686R,0000-0686R,,
0000-0687L,0000-0687L,,
0000-0694L,0000-0694L,,
0000-0694R,0000-0694R,,
0000-0695R,0000-0695R,,
0000-0696L,0000-0696L,,
0000-0696R,0000-0696R,,
0000-0698L,0000-0698L,,
0000-0707L,0000-0707L,,
0000-0707R,0000-0707R,,
0000-0708R,0000-0708R,,
0000-0710L,0000-0710L,,
0000-0710R,0000-0710R,,
0000-0712L,0000-0712L,,
0000-0712R,0000-0712R,,
0000-0714L,0000-0714L,,
0000-0714R,0000-0714R,,
0000-0717L,0000-0717L,,
0000-0717R,0000-0717R,,
0000-0718L,0000-0718L,,
0000-0720L,0000-0720L,,
0000-0720R,0000-0720R,,
0000-0721L,0000-0721L,,
0000-0721R,0000-0721R,,
0000-0722L,0000-0722L,,
0000-0722R,0000-0722R,,
0000-0725L,0000-0725L,,
0000-0725R,0000-0725R,,
0000-0727L,0000-0727L,,
0000-0727R,0000-0727R,,
0000-0729L,0000-0729L,,
0000-0730L,0000-0730L,,
0000-0730R,0000-0730R,,
0000-0732L,0000-0732L,,
0000-0735L,0000-0735L,,
0000-0735R,0000-0735R,,
0000-0737L,0000-0737L,,
0000-0740L,0000-0740L,,
0000-0741R,0000-0741R,,
0000-0742L,0000-0742L,,
0000-0742R,0000-0742R,,
0000-0743L,0000-0743L,,
0000-0743R,0000-0743R,,
0000-0746L,0000-0746L,,
0000-0746R,0000-0746R,,
0000-0747L,0000-0747L,,
0000-0747R,0000-0747R,,
0000-0748L,0000-0748L,,
0000-0751L,0000-0751L,,
0000-0751R,0000-0751R,,
0000-0752R,0000-0752R,,
0000-0756L,0000-0756L,,
0000-0756R,0000-0756R,,
0000-0757L,0000-0757L,,
0000-0757R,0000-0757R,,
0000-0759L,0000-0759L,,
0000-0759R,0000-0759R,,
0000-0761L,0000-0761L,,
0000-0761R,0000-0761R,,
0000-0762L,0000-0762L,,
0000-0762R,0000-0762R,,
0000-0763L,0000-0763L,,
0000-0763R,0000-0763R,,
0000-0764L,0000-0764L,,
0000-0764R,0000-0764R,,
0000-0765L,0000-0765L,,
0000-0765R,0000-0765R,,
0000-0768R,0000-0768R,,
0000-0770L,0000-0770L,,
0000-0770R,0000-0770R,,
0000-0772L,0000-0772L,,
0000-0772R,0000-0772R,,
0000-0774L,0000-0774L,,
0000-0774R,0000-0774R,,
0000-0779R,0000-0779R,,
0000-0781L,0000-0781L,,
0000-0781R,0000-0781R,,
0000-0782L,0000-0782L,,
0000-0782R,0000-0782R,,
0000-0785L,0000-0785L,,
0000-0785R,0000-0785R,,
0000-0791L,0000-0791L,,
0000-0791R,0000-0791R,,
0000-0792L,0000-0792L,,
0000-0798L,0000-0798L,,
0000-0798R,0000-0798R,,
0000-0799L,0000-0799L,,
0000-0799R,0000-0799R,,
0000-0801R,0000-0801R,,
0000-0802L,0000-0802L,,
0000-0802R,0000-0802R,,
0000-0803L,0000-0803L,,
0000-0803R,0000-0803R,,
0000-0804L,0000-0804L,,
0000-0804R,0000-0804R,,
0000-0806L,0000-0806L,,
0000-0806R,0000-0806R,,
0000-0808L,0000-0808L,,
0000-0808R,0000-0808R,,
0000-0810L,0000-0810L,,
0000-0810R,0000-0810R,,
0000-0811L,0000-0811L,,
0000-0811R,0000-0811R,,
0000-0814L,0000-0814L,,
0000-0814R,0000-0814R,,
0000-0815R,0000-0815R,,
0000-0817R,0000-0817R,,
0000-0818L,0000-0818L,,
0000-0818R,0000-0818R,,
0000-0820L,0000-0820L,,
0000-0820R,0000-0820R,,
0000-0821L,0000-0821L,,
0000-0821R,0000-0821R,,
0000-0826L,0000-0826L,,
0000-0826R,0000-0826R,,
0000-0827L,0000-0827L,,
0000-0827R,0000-0827R,,
0000-0832L,0000-0832L,,
0000-0832R,0000-0832R,,
0000-0836R,0000-0836R,,
0000-0837L,0000-0837L,,
0000-0837R,0000-0837R,,
0000-0838R,0000-0838R,,
0000-0839L,0000-0839L,,
0000-0839R,0000-0839R,,
0000-0842R,0000-0842R,,
0000-0846L,0000-0846L,,
0000-0846R,0000-0846R,,
0000-0848L,0000-0848L,,
0000-0848R,0000-0848R,,
0000-0850L,0000-0850L,,
0000-0850R,0000-0850R,,
0000-0851L,0000-0851L,,
0000-0851R,0000-0851R,,
0000-0852L,0000-0852L,,
0000-0852R,0000-0852R,,
0000-0861L,0000-0861L,,
0000-0861R,0000-0861R,,
0000-0862L,0000-0862L,,
0000-0863L,0000-0863L,,
0000-0863R,0000-0863R,,
0000-0864L,0000-0864L,,
0000-0864R,0000-0864R,,
0000-0865L,0000-0865L,,
0000-0865R,0000-0865R,,
0000-0866L,0000-0866L,,
0000-0866R,0000-0866R,,
0000-0867R,0000-0867R,,
0000-0868L,0000-0868L,,
0000-0868R,0000-0868R,,
0000-0869L,0000-0869L,,
0000-0870L,0000-0870L,,
0000-0870R,0000-0870R,,
0000-0871L,0000-0871L,,
0000-0871R,0000-0871R,,
0000-0872L,0000-0872L,,
0000-0872R,0000-0872R,,
0000-0873L,0000-0873L,,
0000-0873R,0000-0873R,,
0000-0875L,0000-0875L,,
0000-0875R,0000-0875R,,
0000-0876L,0000-0876L,,
0000-0876R,0000-0876R,,
0000-0877R,0000-0877R,,
0000-0880L,0000-0880L,,
0000-0880R,0000-0880R,,
0000-0881L,0000-0881L,,
0000-0881R,0000-0881R,,
0000-0882L,0000-0882L,,
0000-0882R,0000-0882R,,
0000-0885L,0000-0885L,,
0000-0887L,0000-0887L,,
0000-0887R,0000-0887R,,
0000-0888L,0000-0888L,,
0000-0888R,0000-0888R,,
0000-0890L,0000-0890L,,
0000-0891L,0000-0891L,,
0000-0891R,0000-0891R,,
0000-0892R,0000-0892R,,
0000-0894L,0000-0894L,,
0000-0894R,0000-0894R,,
0000-0896L,0000-0896L,,
0000-0896R,0000-0896R,,
0000-0898R,0000-0898R,,
0000-0899L,0000-0899L,,
0000-0899R,0000-0899R,,
0000-0900L,0000-0900L,,
0000-0900R,0000-0900R,,
0000-0902L,0000-0902L,,
0000-0902R,0000-0902R,,
0000-0905L,0000-0905L,,
0000-0905R,0000-0905R,,
0000-0906L,0000-0906L,,
0000-0906R,0000-0906R,,
0000-0907L,0000-0907L,,
0000-0907R,0000-0907R,,
0000-0908L,0000-0908L,,
0000-0908R,0000-0908R,,
0000-0912L,0000-0912L,,
0000-0912R,0000-0912R,,
0000-0917R,0000-0917R,,
0000-0919L,0000-0919L,,
0000-0919R,0000-0919R,,
0000-0924L,0000-0924L,,
0000-0926L,0000-0926L,,
0000-0926R,0000-0926R,,
0000-0927L,0000-0927L,,
0000-0928R,0000-0928R,,
0000-0929L,0000-0929L,,
0000-0929R,0000-0929R,,
0000-0931R,0000-0931R,,
0000-0932L,0000-0932L,,
0000-0932R,0000-0932R,,
0000-0934L,0000-0934L,,
0000-0934R,0000-0934R,,
0000-0935R,0000-0935R,,
0000-0936L,0000-0936L,,
0000-0936R,0000-0936R,,
0000-0938L,0000-0938L,,
0000-0938R,0000-0938R,,
0000-0939R,0000-0939R,,
0000-0942R,0000-0942R,,
0000-0944L,0000-0944L,,
0000-0947L,0000-0947L,,
0000-0949L,0000-0949L,,
0000-0949R,0000-0949R,,
0000-0951L,0000-0951L,,
0000-0951R,0000-0951R,,
0000-0952L,0000-0952L,,
0000-0952R,0000-0952R,,
0000-0953L,0000-0953L,,
0000-0953R,0000-0953R,,
0000-0954L,0000-0954L,,
0000-0954R,0000-0954R,,
0000-0955L,0000-0955L,,
0000-0955R,0000-0955R,,
0000-0958R,0000-0958R,,
0000-0960L,0000-0960L,,
0000-0962L,0000-0962L,,
0000-0962R,0000-0962R,,
0000-0965L,0000-0965L,,
0000-0965R,0000-0965R,,
0000-0966L,0000-0966L,,
0000-0966R,0000-0966R,,
0000-0967L,0000-0967L,,
0000-0967R,0000-0967R,,
0000-0969L,0000-0969L,,
0000-0969R,0000-0969R,,
0000-0971L,0000-0971L,,
0000-0976R,0000-0976R,,
0000-0977L,0000-0977L,,
0000-0977R,0000-0977R,,
0000-0979L,0000-0979L,,
0000-0979R,0000-0979R,,
0000-0980R,0000-0980R,,
0000-0981R,0000-0981R,,
0000-0983L,0000-0983L,,
0000-0983R,0000-0983R,,
0000-0984L,0000-0984L,,
0000-0984R,0000-0984R,,
0000-0986L,0000-0986L,,
0000-0986R,0000-0986R,,
0000-0987L,0000-0987L,,
0000-0987R,0000-0987R,,
0000-0989L,0000-0989L,,
0000-0989R,0000-0989R,,
0000-0990L,0000-0990L,,
0000-0992L,0000-0992L,,
0000-0992R,0000-0992R,,
0000-0994L,0000-0994L,,
0000-0994R,0000-0994R,,
0000-0995L,0000-0995L,,
0000-0995R,0000-0995R,,
0000-0996L,0000-0996L,,
0000-0996R,0000-0996R,,
0000-0997L,0000-0997L,,
0000-0998L,0000-0998L,,
0000-0998R,0000-0998R,,
0000-0999L,0000-0999L,,
0000-0999R,0000-0999R,,
0000-1000L,0000-1000L,,
0000-1000R,0000-1000R,,
0000-1001L,0000-1001L,,
0000-1001R,0000-1001R,,
0000-1003L,0000-1003L,,
0000-1003R,0000-1003R,,
0000-1004L,0000-1004L,,
0000-1004R,0000-1004R,,
0000-1010R,0000-1010R,,
0000-1015L,0000-1015L,,
0000-1015R,0000-1015R,,
0000-1016L,0000-1016L,,
0000-1016R,0000-1016R,,
0000-1017L,0000-1017L,,
0000-1017R,0000-1017R,,
0000-1022L,0000-1022L,,
0000-1022R,0000-1022R,,
0000-1023L,0000-1023L,,
0000-1023R,0000-1023R,,
0000-1024R,0000-1024R,,
0000-1027L,0000-1027L,,
0000-1027R,0000-1027R,,
0000-1029L,0000-1029L,,
0000-1029R,0000-1029R,,
0000-1030L,0000-1030L,,
0000-1030R,0000-1030R,,
0000-1033L,0000-1033L,,
0000-1033R,0000-1033R,,
0000-1035L,0000-1035L,,
0000-1035R,0000-1035R,,
0000-1039L,0000-1039L,,
0000-1039R,0000-1039R,,
0000-1040L,0000-1040L,,
0000-1040R,0000-1040R,,
0000-1041L,0000-1041L,,
0000-1041R,0000-1041R,,
0000-1042L,0000-1042L,,
0000-1044L,0000-1044L,,
0000-1046L,0000-1046L,,
0000-1047L,0000-1047L,,
0000-1049L,0000-1049L,,
0000-1050R,0000-1050R,,
0000-1051L,0000-1051L,,
0000-1051R,0000-1051R,,
0000-1054L,0000-1054L,,
0000-1054R,0000-1054R,,
0000-1055L,0000-1055L,,
0000-1055R,0000-1055R,,
0000-1059L,0000-1059L,,
0000-1059R,0000-1059R,,
0000-1063L,0000-1063L,,
0000-1063R,0000-1063R,,
0000-1065L,0000-1065L,,
0000-1066L,0000-1066L,,
0000-1066R,0000-1066R,,
0000-1067L,0000-1067L,,
0000-1067R,0000-1067R,,
0000-1070R,0000-1070R,,
0000-1074L,0000-1074L,,
0000-1074R,0000-1074R,,
0000-1075L,0000-1075L,,
0000-1075R,0000-1075R,,
0000-1077L,0000-1077L,,
0000-1077R,0000-1077R,,
0000-1079L,0000-1079L,,
0000-1079R,0000-1079R,,
0000-1085L,0000-1085L,,
0000-1085R,0000-1085R,,
0000-1089L,0000-1089L,,
0000-1089R,0000-1089R,,
0000-1090L,0000-1090L,,
0000-1090R,0000-1090R,,
0000-1091L,0000-1091L,,
0000-1091R,0000-1091R,,
0000-1095L,0000-1095L,,
0000-1095R,0000-1095R,,
0000-1097L,0000-1097L,,
0000-1097R,0000-1097R,,
0000-1098L,0000-1098L,,
0000-1098R,0000-1098R,,
0000-1099L,0000-1099L,,
0000-1099R,0000-1099R,,
0000-1100R,0000-1100R,,
0000-1101L,0000-1101L,,
0000-1102R,0000-1102R,,
0000-1105L,0000-1105L,,
0000-1105R,0000-1105R,,
0000-1108L,0000-1108L,,
0000-1108R,0000-1108R,,
0000-1110L,0000-1110L,,
0000-1110R,0000-1110R,,
0000-1111L,0000-1111L,,
0000-1111R,0000-1111R,,
0000-1112L,0000-1112L,,
0000-1112R,0000-1112R,,
0000-1118L,0000-1118L,,
0000-1118R,0000-1118R,,
0000-1121L,0000-1121L,,
0000-1126R,0000-1126R,,
0000-1127L,0000-1127L,,
0000-1127R,0000-1127R,,
0000-1130L,0000-1130L,,
0000-1130R,0000-1130R,,
0000-1131L,0000-1131L,,
0000-1131R,0000-1131R,,
0000-1133L,0000-1133L,,
0000-1133R,0000-1133R,,
0000-1134L,0000-1134L,,
0000-1134R,0000-1134R,,
0000-1135L,0000-1135L,,
0000-1140L,0000-1140L,,
0000-1140R,0000-1140R,,
0000-1141L,0000-1141L,,
0000-1141R,0000-1141R,,
0000-1142R,0000-1142R,,
0000-1143L,0000-1143L,,
0000-1143R,0000-1143R,,
0000-1145L,0000-1145L,,
0000-1145R,0000-1145R,,
0000-1146R,0000-1146R,,
0000-1150L,0000-1150L,,
0000-1150R,0000-1150R,,
0000-1151L,0000-1151L,,
0000-1151R,0000-1151R,,
0000-1152R,0000-1152R,,
0000-1155L,0000-1155L,,
0000-1155R,0000-1155R,,
0000-1156L,0000-1156L,,
0000-1156R,0000-1156R,,
0000-1159R,0000-1159R,,
0000-1160L,0000-1160L,,
0000-1160R,0000-1160R,,
0000-1161L,0000-1161L,,
0000-1161R,0000-1161R,,
0000-1162R,0000-1162R,,
0000-1163L,0000-1163L,,
0000-1163R,0000-1163R,,
0000-1165L,0000-1165L,,
0000-1166L,0000-1166L,,
0000-1166R,0000-1166R,,
0000-1167L,0000-1167L,,
0000-1168L,0000-1168L,,
0000-1168R,0000-1168R,,
0000-1170L,0000-1170L,,
0000-1170R,0000-1170R,,
0000-1173R,0000-1173R,,
0000-1175L,0000-1175L,,
0000-1178L,0000-1178L,,
0000-1178R,0000-1178R,,
0000-1179L,0000-1179L,,
0000-1179R,0000-1179R,,
0000-1181L,0000-1181L,,
0000-1183L,0000-1183L,,
0000-1183R,0000-1183R,,
0000-1185L,0000-1185L,,
0000-1185R,0000-1185R,,
0000-1187L,0000-1187L,,
0000-1187R,0000-1187R,,
0000-1188L,0000-1188L,,
0000-1188R,0000-1188R,,
0000-1189L,0000-1189L,,
0000-1189R,0000-1189R,,
0000-1191L,0000-1191L,,
0000-1191R,0000-1191R,,
0000-1194R,0000-1194R,,
0000-1195L,0000-1195L,,
0000-1195R,0000-1195R,,
0000-1197L,0000-1197L,,
0000-1197R,0000-1197R,,
0000-1198L,0000-1198L,,
0000-1198R,0000-1198R,,
0000-1199L,0000-1199L,,
0000-1199R,0000-1199R,,
0000-1200L,0000-1200L,,
0000-1202L,0000-1202L,,
0000-1202R,0000-1202R,,
0000-1203L,0000-1203L,,
0000-1203R,0000-1203R,,
0000-1205L,0000-1205L,,
0000-1207L,0000-1207L,,
0000-1207R,0000-1207R,,
0000-1212L,0000-1212L,,
0000-1212R,0000-1212R,,
0000-1214L,0000-1214L,,
0000-1214R,0000-1214R,,
0000-1215L,0000-1215L,,
0000-1215R,0000-1215R,,
0000-1217L,0000-1217L,,
0000-1217R,0000-1217R,,
0000-1220L,0000-1220L,,
0000-1220R,0000-1220R,,
0000-1221L,0000-1221L,,
0000-1221R,0000-1221R,,
0000-1223L,0000-1223L,,
0000-1223R,0000-1223R,,
0000-1225L,0000-1225L,,
0000-1225R,0000-1225R,,
0000-1226L,0000-1226L,,
0000-1226R,0000-1226R,,
0000-1227R,0000-1227R,,
0000-1229L,0000-1229L,,
0000-1232L,0000-1232L,,
0000-1232R,0000-1232R,,
0000-1234L,0000-1234L,,
0000-1234R,0000-1234R,,
0000-1235L,0000-1235L,,
0000-1235R,0000-1235R,,
0000-1237L,0000-1237L,,
0000-1237R,0000-1237R,,
0000-1239L,0000-1239L,,
0000-1239R,0000-1239R,,
0000-1240L,0000-1240L,,
0000-1240R,0000-1240R,,
0000-1241L,0000-1241L,,
0000-1241R,0000-1241R,,
0000-1242L,0000-1242L,,
0000-1242R,0000-1242R,,
0000-1246L,0000-1246L,,
0000-1248L,0000-1248L,,
0000-1248R,0000-1248R,,
0000-1254L,0000-1254L,,
0000-1256L,0000-1256L,,
0000-1257R,0000-1257R,,
0000-1259L,0000-1259L,,
0000-1259R,0000-1259R,,
0000-1260L,0000-1260L,,
0000-1262L,0000-1262L,,
0000-1262R,0000-1262R,,
0000-1264L,0000-1264L,,
0000-1265L,0000-1265L,,
0000-1265R,0000-1265R,,
0000-1269L,0000-1269L,,
0000-1269R,0000-1269R,,
0000-1271L,0000-1271L,,
0000-1271R,0000-1271R,,
0000-1273L,0000-1273L,,
0000-1273R,0000-1273R,,
0000-1275L,0000-1275L,,
0000-1275R,0000-1275R,,
0000-1277R,0000-1277R,,
0000-1279R,0000-1279R,,
0000-1280L,0000-1280L,,
0000-1280R,0000-1280R,,
0000-1284L,0000-1284L,,
0000-1284R,0000-1284R,,
0000-1285L,0000-1285L,,
0000-1285R,0000-1285R,,
0000-1287L,0000-1287L,,
0000-1287R,0000-1287R,,
0000-1289L,0000-1289L,,
0000-1290R,0000-1290R,,
0000-1291L,0000-1291L,,
0000-1291R,0000-1291R,,
0000-1292L,0000-1292L,,
0000-1292R,0000-1292R,,
0000-1294L,0000-1294L,,
0000-1294R,0000-1294R,,
0000-1295L,0000-1295L,,
0000-1295R,0000-1295R,,
0000-1297L,0000-1297L,,
0000-1297R,0000-1297R,,
0000-1299L,0000-1299L,,
0000-1299R,0000-1299R,,
0000-1301L,0000-1301L,,
0000-1301R,0000-1301R,,
0000-1302L,0000-1302L,,
0000-1302R,0000-1302R,,
0000-1303L,0000-1303L,,
0000-1303R,0000-1303R,,
0000-1304L,0000-1304L,,
0000-1304R,0000-1304R,,
0000-1315L,0000-1315L,,
0000-1317L,0000-1317L,,
0000-1317R,0000-1317R,,
0000-1318L,0000-1318L,,
0000-1318R,0000-1318R,,
0000-1325L,0000-1325L,,
0000-1325R,0000-1325R,,
0000-1326L,0000-1326L,,
0000-1326R,0000-1326R,,
0000-1328L,0000-1328L,,
0000-1328R,0000-1328R,,
0000-1329L,0000-1329L,,
0000-1331L,0000-1331L,,
0000-1331R,0000-1331R,,
0000-1333L,0000-1333L,,
0000-1334L,0000-1334L,,
0000-1335L,0000-1335L,,
0000-1335R,0000-1335R,,
0000-1340L,0000-1340L,,
0000-1340R,0000-1340R,,
0000-1344R,0000-1344R,,
0000-1345L,0000-1345L,,
0000-1345R,0000-1345R,,
0000-1346R,0000-1346R,,
0000-1348L,0000-1348L,,
0000-1348R,0000-1348R,,
0000-1351R,0000-1351R,,
0000-1358L,0000-1358L,,
0000-1358R,0000-1358R,,
0000-1359L,0000-1359L,,
0000-1359R,0000-1359R,,
0000-1360L,0000-1360L,,
0000-1360R,0000-1360R,,
0000-1362L,0000-1362L,,
0000-1362R,0000-1362R,,
0000-1363L,0000-1363L,,
0000-1363R,0000-1363R,,
0000-1366L,0000-1366L,,
0000-1366R,0000-1366R,,
0000-1367L,0000-1367L,,
0000-1372L,0000-1372L,,
0000-1372R,0000-1372R,,
0000-1373L,0000-1373L,,
0000-1373R,0000-1373R,,
0000-1375L,0000-1375L,,
0000-1375R,0000-1375R,,
0000-1376L,0000-1376L,,
0000-1376R,0000-1376R,,
0000-1379L,0000-1379L,,
0000-1379R,0000-1379R,,
0000-1380R,0000-1380R,,
0000-1381L,0000-1381L,,
0000-1381R,0000-1381R,,
0000-1383L,0000-1383L,,
0000-1383R,0000-1383R,,
0000-1384L,0000-1384L,,
0000-1384R,0000-1384R,,
0000-1385L,0000-1385L,,
0000-1385R,0000-1385R,,
0000-1386L,0000-1386L,,
0000-1386R,0000-1386R,,
0000-1387L,0000-1387L,,
0000-1387R,0000-1387R,,
0000-1390L,0000-1390L,,
0000-1390R,0000-1390R,,
0000-1391L,0000-1391L,,
0000-1391R,0000-1391R,,
0000-1393R,0000-1393R,,
0000-1394L,0000-1394L,,
0000-1394R,0000-1394R,,
0000-1395L,0000-1395L,,
0000-1395R,0000-1395R,,
0000-1396R,0000-1396R,,
0000-1399L,0000-1399L,,
0000-1399R,0000-1399R,,
0000-1400L,0000-1400L,,
0000-1400R,0000-1400R,,
0000-1401L,0000-1401L,,
0000-1401R,0000-1401R,,
0000-1402L,0000-1402L,,
0000-1402R,0000-1402R,,
0000-1403L,0000-1403L,,
0000-1403R,0000-1403R,,
0000-1407L,0000-1407L,,
0000-1407R,0000-1407R,,
0000-1408R,0000-1408R,,
0000-1409L,0000-1409L,,
0000-1409R,0000-1409R,,
0000-1410L,0000-1410L,,
0000-1410R,0000-1410R,,
0000-1412L,0000-1412L,,
0000-1414L,0000-1414L,,
0000-1414R,0000-1414R,,
0000-1417L,0000-1417L,,
0000-1417R,0000-1417R,,
0000-1418L,0000-1418L,,
0000-1418R,0000-1418R,,
0000-1419L,0000-1419L,,
0000-1419R,0000-1419R,,
0000-1420L,0000-1420L,,
0000-1420R,0000-1420R,,
0000-1423L,0000-1423L,,
0000-1423R,0000-1423R,,
0000-1424L,0000-1424L,,
0000-1424R,0000-1424R,,
0000-1426L,0000-1426L,,
0000-1426R,0000-1426R,,
0000-1427L,0000-1427L,,
0000-1427R,0000-1427R,,
0000-1428L,0000-1428L,,
0000-1428R,0000-1428R,,
0000-1431L,0000-1431L,,
0000-1431R,0000-1431R,,
0000-1432R,0000-1432R,,
0000-1435L,0000-1435L,,
0000-1435R,0000-1435R,,
0000-1437L,0000-1437L,,
0000-1437R,0000-1437R,,
0000-1438L,0000-1438L,,
0000-1438R,0000-1438R,,
0000-1439L,0000-1439L,,
0000-1439R,0000-1439R,,
0000-1440L,0000-1440L,,
0000-1440R,0000-1440R,,
0000-1441L,0000-1441L,,
0000-1441R,0000-1441R,,
0000-1442L,0000-1442L,,
0000-1442R,0000-1442R,,
0000-1443L,0000-1443L,,
0000-1444R,0000-1444R,,
0000-1445L,0000-1445L,,
0000-1445R,0000-1445R,,
0000-1446L,0000-1446L,,
0000-1446R,0000-1446R,,
0000-1448L,0000-1448L,,
0000-1448R,0000-1448R,,
0000-1450L,0000-1450L,,
0000-1450R,0000-1450R,,
0000-1455L,0000-1455L,,
0000-1455R,0000-1455R,,
0000-1457L,0000-1457L,,
0000-1457R,0000-1457R,,
0000-1458L,0000-1458L,,
0000-1458R,0000-1458R,,
0000-1460L,0000-1460L,,
0000-1460R,0000-1460R,,
0000-1463L,0000-1463L,,
0000-1463R,0000-1463R,,
0000-1464L,0000-1464L,,
0000-1464R,0000-1464R,,
0000-1467L,0000-1467L,,
0000-1467R,0000-1467R,,
0000-1469R,0000-1469R,,
0000-1471L,0000-1471L,,
0000-1471R,0000-1471R,,
0000-1472R,0000-1472R,,
0000-1475L,0000-1475L,,
0000-1475R,0000-1475R,,
0000-1477L,0000-1477L,,
0000-1477R,0000-1477R,,
0000-1478L,0000-1478L,,
0000-1478R,0000-1478R,,
0000-1479L,0000-1479L,,
0000-1479R,0000-1479R,,
0000-1483L,0000-1483L,,
0000-1483R,0000-1483R,,
0000-1485L,0000-1485L,,
0000-1485R,0000-1485R,,
0000-1487R,0000-1487R,,
0000-1488L,0000-1488L,,
0000-1488R,0000-1488R,,
0000-1489L,0000-1489L,,
0000-1489R,0000-1489R,,
0000-1490L,0000-1490L,,
0000-1490R,0000-1490R,,
0000-1491L,0000-1491L,,
0000-1491R,0000-1491R,,
0000-1492L,0000-1492L,,
0000-1492R,0000-1492R,,
0000-1494L,0000-1494L,,
0000-1494R,0000-1494R,,
0000-1495R,0000-1495R,,
0000-1496L,0000-1496L,,
0000-1496R,0000-1496R,,
0000-1497L,0000-1497L,,
0000-1497R,0000-1497R,,
0000-1504L,0000-1504L,,
0000-1504R,0000-1504R,,
0000-1505L,0000-1505L,,
0000-1505R,0000-1505R,,
0000-1507L,0000-1507L,,
0000-1507R,0000-1507R,,
0000-1510L,0000-1510L,,
0000-1510R,0000-1510R,,
0000-1511R,0000-1511R,,
0000-1512L,0000-1512L,,
0000-1512R,0000-1512R,,
0000-1513L,0000-1513L,,
0000-1514L,0000-1514L,,
0000-1514R,0000-1514R,,
0000-1515L,0000-1515L,,
0000-1515R,0000-1515R,,
0000-1516L,0000-1516L,,
0000-1516R,0000-1516R,,
0000-1518R,0000-1518R,,
0000-1520R,0000-1520R,,
0000-1521L,0000-1521L,,
0000-1521R,0000-1521R,,
0000-1522L,0000-1522L,,
0000-1522R,0000-1522R,,
0000-1524L,0000-1524L,,
0000-1524R,0000-1524R,,
0000-1525L,0000-1525L,,
0000-1527L,0000-1527L,,
0000-1527R,0000-1527R,,
0000-1528L,0000-1528L,,
0000-1528R,0000-1528R,,
0000-1530L,0000-1530L,,
0000-1530R,0000-1530R,,
0000-1532L,0000-1532L,,
0000-1533L,0000-1533L,,
0000-1533R,0000-1533R,,
0000-1536L,0000-1536L,,
0000-1537L,0000-1537L,,
0000-1537R,0000-1537R,,
0000-1538L,0000-1538L,,
0000-1539L,0000-1539L,,
0000-1540L,0000-1540L,,
0000-1541R,0000-1541R,,
0000-1542L,0000-1542L,,
0000-1542R,0000-1542R,,
0000-1544L,0000-1544L,,
0000-1544R,0000-1544R,,
0000-1549L,0000-1549L,,
0000-1549R,0000-1549R,,
0000-1550L,0000-1550L,,
0000-1550R,0000-1550R,,
0000-1554L,0000-1554L,,
0000-1554R,0000-1554R,,
0000-1555L,0000-1555L,,
0000-1555R,0000-1555R,,
0000-1558L,0000-1558L,,
0000-1558R,0000-1558R,,
0000-1559L,0000-1559L,,
0000-1559R,0000-1559R,,
0000-1563L,0000-1563L,,
0000-1563R,0000-1563R,,
0000-1565L,0000-1565L,,
0000-1565R,0000-1565R,,
0000-1567L,0000-1567L,,
0000-1567R,0000-1567R,,
0000-1570L,0000-1570L,,
0000-1570R,0000-1570R,,
0000-1571L,0000-1571L,,
0000-1571R,0000-1571R,,
0000-1572L,0000-1572L,,
0000-1572R,0000-1572R,,
0000-1573R,0000-1573R,,
0000-1574L,0000-1574L,,
0000-1574R,0000-1574R,,
0000-1575L,0000-1575L,,
0000-1575R,0000-1575R,,
0000-1578L,0000-1578L,,
0000-1578R,0000-1578R,,
0000-1579L,0000-1579L,,
0000-1579R,0000-1579R,,
0000-1583R,0000-1583R,,
0000-1584L,0000-1584L,,
0000-1584R,0000-1584R,,
0000-1585R,0000-1585R,,
0000-1587L,0000-1587L,,
0000-1587R,0000-1587R,,
0000-1588L,0000-1588L,,
0000-1588R,0000-1588R,,
0000-1589L,0000-1589L,,
0000-1590L,0000-1590L,,
0000-1590R,0000-1590R,,
0000-1591L,0000-1591L,,
0000-1591R,0000-1591R,,
0000-1592L,0000-1592L,,
0000-1593L,0000-1593L,,
0000-1593R,0000-1593R,,
0000-1594L,0000-1594L,,
0000-1594R,0000-1594R,,
0000-1595L,0000-1595L,,
0000-1596L,0000-1596L,,
0000-1596R,0000-1596R,,
0000-1597R,0000-1597R,,
0000-1598R,0000-1598R,,
0000-1599L,0000-1599L,,
0000-1599R,0000-1599R,,
0000-1603L,0000-1603L,,
0000-1605L,0000-1605L,,
0000-1605R,0000-1605R,,
0000-1606L,0000-1606L,,
0000-1606R,0000-1606R,,
0000-1607R,0000-1607R,,
0000-1608L,0000-1608L,,
0000-1608R,0000-1608R,,
0000-1609L,0000-1609L,,
0000-1609R,0000-1609R,,
0000-1612L,0000-1612L,,
0000-1612R,0000-1612R,,
0000-1616L,0000-1616L,,
0000-1616R,0000-1616R,,
0000-1617L,0000-1617L,,
0000-1617R,0000-1617R,,
0000-1618L,0000-1618L,,
0000-1619L,0000-1619L,,
0000-1619R,0000-1619R,,
0000-1621L,0000-1621L,,
0000-1621R,0000-1621R,,
0000-1622L,0000-1622L,,
0000-1622R,0000-1622R,,
0000-1623L,0000-1623L,,
0000-1623R,0000-1623R,,
0000-1625R,0000-1625R,,
0000-1626L,0000-1626L,,
0000-1626R,0000-1626R,,
0000-1627R,0000-1627R,,
0000-1629L,0000-1629L,,
0000-1629R,0000-1629R,,
0000-1630L,0000-1630L,,
0000-1630R,0000-1630R,,
0000-1631L,0000-1631L,,
0000-1631R,0000-1631R,,
0000-1632L,0000-1632L,,
0000-1632R,0000-1632R,,
0000-1635L,0000-1635L,,
0000-1635R,0000-1635R,,
0000-1636R,0000-1636R,,
0000-1637L,0000-1637L,,
0000-1637R,0000-1637R,,
0000-1641L,0000-1641L,,
0000-1641R,0000-1641R,,
0000-1642L,0000-1642L,,
0000-1642R,0000-1642R,,
0000-1643L,0000-1643L,,
0000-1643R,0000-1643R,,
0000-1644R,0000-1644R,,
0000-1645L,0000-1645L,,
0000-1645R,0000-1645R,,
0000-1646L,0000-1646L,,
0000-1646R,0000-1646R,,
0000-1647L,0000-1647L,,
0000-1650L,0000-1650L,,
0000-1650R,0000-1650R,,
0000-1654L,0000-1654L,,
0000-1654R,0000-1654R,,
0000-1656R,0000-1656R,,
0000-1658L,0000-1658L,,
0000-1658R,0000-1658R,,
0000-1659L,0000-1659L,,
0000-1659R,0000-1659R,,
0000-1660L,0000-1660L,,
0000-1660R,0000-1660R,,
0000-1663L,0000-1663L,,
0000-1663R,0000-1663R,,
0000-1664L,0000-1664L,,
0000-1664R,0000-1664R,,
0000-1665L,0000-1665L,,
0000-1665R,0000-1665R,,
0000-1667L,0000-1667L,,
0000-1667R,0000-1667R,,
0000-1671L,0000-1671L,,
0000-1671R,0000-1671R,,
0000-1673L,0000-1673L,,
0000-1673R,0000-1673R,,
0000-1674L,0000-1674L,,
0000-1674R,0000-1674R,,
0000-1677L,0000-1677L,,
0000-1677R,0000-1677R,,
0000-1679L,0000-1679L,,
0000-1679R,0000-1679R,,
0000-1681L,0000-1681L,,
0000-1681R,0000-1681R,,
0000-1682R,0000-1682R,,
0000-1683L,0000-1683L,,
0000-1683R,0000-1683R,,
0000-1686L,0000-1686L,,
0000-1686R,0000-1686R,,
0000-1687L,0000-1687L,,
0000-1687R,0000-1687R,,
0000-1691L,0000-1691L,,
0000-1692L,0000-1692L,,
0000-1693L,0000-1693L,,
0000-1698L,0000-1698L,,
0000-1698R,0000-1698R,,
0000-1699R,0000-1699R,,
0000-1700L,0000-1700L,,
0000-1700R,0000-1700R,,
0000-1701L,0000-1701L,,
0000-1701R,0000-1701R,,
0000-1703L,0000-1703L,,
0000-1703R,0000-1703R,,
0000-1704L,0000-1704L,,
0000-1704R,0000-1704R,,
0000-1705L,0000-1705L,,
0000-1705R,0000-1705R,,
0000-1706L,0000-1706L,,
0000-1706R,0000-1706R,,
0000-1708R,0000-1708R,,
0000-1710L,0000-1710L,,
0000-1710R,0000-1710R,,
0000-1711L,0000-1711L,,
0000-1711R,0000-1711R,,
0000-1714R,0000-1714R,,
0000-1715L,0000-1715L,,
0000-1715R,0000-1715R,,
0000-1716L,0000-1716L,,
0000-1716R,0000-1716R,,
0000-1718L,0000-1718L,,
0000-1720L,0000-1720L,,
0000-1720R,0000-1720R,,
0000-1721L,0000-1721L,,
0000-1721R,0000-1721R,,
0000-1724L,0000-1724L,,
0000-1724R,0000-1724R,,
0000-1725L,0000-1725L,,
0000-1725R,0000-1725R,,
0000-1726L,0000-1726L,,
0000-1726R,0000-1726R,,
0000-1727L,0000-1727L,,
0000-1727R,0000-1727R,,
0000-1729L,0000-1729L,,
0000-1729R,0000-1729R,,
0000-1730L,0000-1730L,,
0000-1730R,0000-1730R,,
0000-1731L,0000-1731L,,
0000-1731R,0000-1731R,,
0000-1734L,0000-1734L,,
0000-1734R,0000-1734R,,
0000-1735L,0000-1735L,,
0000-1735R,0000-1735R,,
0000-1740R,0000-1740R,,
0000-1741L,0000-1741L,,
0000-1741R,0000-1741R,,
0000-1742L,0000-1742L,,
0000-1744L,0000-1744L,,
0000-1744R,0000-1744R,,
0000-1747L,0000-1747L,,
0000-1747R,0000-1747R,,
0000-1749L,0000-1749L,,
0000-1749R,0000-1749R,,
0000-1750R,0000-1750R,,
0000-1751L,0000-1751L,,
0000-1751R,0000-1751R,,
0000-1752L,0000-1752L,,
0000-1752R,0000-1752R,,
0000-1753L,0000-1753L,,
0000-1753R,0000-1753R,,
0000-1754L,0000-1754L,,
0000-1754R,0000-1754R,,
0000-1755R,0000-1755R,,
0000-1758R,0000-1758R,,
0000-1759L,0000-1759L,,
0000-1760L,0000-1760L,,
0000-1760R,0000-1760R,,
0000-1762L,0000-1762L,,
0000-1763L,0000-1763L,,
0000-1766L,0000-1766L,,
0000-1766R,0000-1766R,,
0000-1772L,0000-1772L,,
0000-1772R,0000-1772R,,
0000-1773L,0000-1773L,,
0000-1773R,0000-1773R,,
0000-1774L,0000-1774L,,
0000-1774R,0000-1774R,,
0000-1776L,0000-1776L,,
0000-1776R,0000-1776R,,
0000-1777L,0000-1777L,,
0000-1777R,0000-1777R,,
0000-1780L,0000-1780L,,
0000-1780R,0000-1780R,,
0000-1784L,0000-1784L,,
0000-1784R,0000-1784R,,
0000-1786L,0000-1786L,,
0000-1786R,0000-1786R,,
0000-1787L,0000-1787L,,
0000-1787R,0000-1787R,,
0000-1789L,0000-1789L,,
0000-1791L,0000-1791L,,
0000-1791R,0000-1791R,,
0000-1792L,0000-1792L,,
0000-1792R,0000-1792R,,
0000-1793L,0000-1793L,,
0000-1793R,0000-1793R,,
0000-1795L,0000-1795L,,
0000-1795R,0000-1795R,,
0000-1797R,0000-1797R,,
0000-1798L,0000-1798L,,
0000-1798R,0000-1798R,,
0000-1799L,0000-1799L,,
0000-1799R,0000-1799R,,
0000-1800L,0000-1800L,,
0000-1807L,0000-1807L,,
0000-1807R,0000-1807R,,
0000-1808L,0000-1808L,,
0000-1808R,0000-1808R,,
0000-1809L,0000-1809L,,
0000-1809R,0000-1809R,,
0000-1810L,0000-1810L,,
0000-1810R,0000-1810R,,
0000-1812L,0000-1812L,,
0000-1812R,0000-1812R,,
0000-1817L,0000-1817L,,
0000-1817R,0000-1817R,,
0000-1818R,0000-1818R,,
0000-1823L,0000-1823L,,
0000-1823R,0000-1823R,,
0000-1824L,0000-1824L,,
0000-1824R,0000-1824R,,
0000-1825L,0000-1825L,,
0000-1825R,0000-1825R,,
0000-1826L,0000-1826L,,
0000-1826R,0000-1826R,,
0000-1829L,0000-1829L,,
0000-1829R,0000-1829R,,
0000-1830L,0000-1830L,,
0000-1830R,0000-1830R,,
0000-1834L,0000-1834L,,
0000-1834R,0000-1834R,,
0000-1835L,0000-1835L,,
0000-1835R,0000-1835R,,
0000-1836L,0000-1836L,,
0000-1836R,0000-1836R,,
0000-1838L,0000-1838L,,
0000-1838R,0000-1838R,,
0000-1840R,0000-1840R,,
0000-1841L,0000-1841L,,
0000-1841R,0000-1841R,,
0000-1842R,0000-1842R,,
0000-1843L,0000-1843L,,
0000-1843R,0000-1843R,,
0000-1849L,0000-1849L,,
0000-1849R,0000-1849R,,
0000-1850L,0000-1850L,,
0000-1850R,0000-1850R,,
0000-1851L,0000-1851L,,
0000-1851R,0000-1851R,,
0000-1853L,0000-1853L,,
0000-1853R,0000-1853R,,
0000-1854L,0000-1854L,,
0000-1854R,0000-1854R,,
0000-1857R,0000-1857R,,
0000-1858L,0000-1858L,,
0000-1858R,0000-1858R,,
0000-1859L,0000-1859L,,
0000-1859R,0000-1859R,,
0000-1860L,0000-1860L,,
0000-1860R,0000-1860R,,
0000-1865L,0000-1865L,,
0000-1865R,0000-1865R,,
0000-1867L,0000-1867L,,
0000-1868L,0000-1868L,,
0000-1868R,0000-1868R,,
0000-1869L,0000-1869L,,
0000-1869R,0000-1869R,,
0000-1870L,0000-1870L,,
0000-1871L,0000-1871L,,
0000-1871R,0000-1871R,,
0000-1877L,0000-1877L,,
0000-1877R,0000-1877R,,
0000-1879L,0000-1879L,,
0000-1879R,0000-1879R,,
0000-1885L,0000-1885L,,
0000-1885R,0000-1885R,,
0000-1886L,0000-1886L,,
0000-1888L,0000-1888L,,
0000-1888R,0000-1888R,,
0000-1890L,0000-1890L,,
0000-1890R,0000-1890R,,
0000-1893L,0000-1893L,,
0000-1895R,0000-1895R,,
0000-1896L,0000-1896L,,
0000-1896R,0000-1896R,,
0000-1897L,0000-1897L,,
0000-1897R,0000-1897R,,
0000-1898L,0000-1898L,,
0000-1898R,0000-1898R,,
0000-1902L,0000-1902L,,
0000-1902R,0000-1902R,,
0000-1903L,0000-1903L,,
0000-1904L,0000-1904L,,
0000-1904R,0000-1904R,,
0000-1908L,0000-1908L,,
0000-1908R,0000-1908R,,
0000-1909L,0000-1909L,,
0000-1909R,0000-1909R,,
0000-1910R,0000-1910R,,
0000-1912L,0000-1912L,,
0000-1912R,0000-1912R,,
0000-1913L,0000-1913L,,
0000-1913R,0000-1913R,,
0000-1914L,0000-1914L,,
0000-1914R,0000-1914R,,
0000-1916L,0000-1916L,,
0000-1916R,0000-1916R,,
0000-1918L,0000-1918L,,
0000-1918R,0000-1918R,,
0000-1920L,0000-1920L,,
0000-1920R,0000-1920R,,
0000-1923L,0000-1923L,,
0000-1925L,0000-1925L,,
0000-1925R,0000-1925R,,
0000-1926L,0000-1926L,,
0000-1926R,0000-1926R,,
0000-1931L,0000-1931L,,
0000-1931R,0000-1931R,,
0000-1933L,0000-1933L,,
0000-1933R,0000-1933R,,
0000-1938L,0000-1938L,,
0000-1939L,0000-1939L,,
0000-1939R,0000-1939R,,
0000-1940L,0000-1940L,,
0000-1941L,0000-1941L,,
0000-1941R,0000-1941R,,
0000-1942R,0000-1942R,,
0000-1943L,0000-1943L,,
0000-1943R,0000-1943R,,
0000-1945L,0000-1945L,,
0000-1945R,0000-1945R,,
0000-1947L,0000-1947L,,
0000-1947R,0000-1947R,,
0000-1950L,0000-1950L,,
0000-1950R,0000-1950R,,
0000-1956L,,,
0000-1956R,,,
0000-1958L,,,
0000-1959L,,,
0000-1959R,,,
0000-1961L,,,
0000-1961R,,,
0000-1963L,,,
0000-1963R,,,
0000-1965L,,,
0000-1965R,,,
0000-1969L,,,
0000-1969R,,,
0000-1970L,,,
0000-1970R,,,
0000-1972L,,,
0000-1976L,,,
0000-1976R,,,
0000-1977L,,,
0000-1977R,,,
0000-1981L,,,
0000-1981R,,,
0000-1982L,,,
0000-1982R,,,
0000-1983L,,,
0000-1983R,,,
0000-1985R,,,
0000-1986L,,,
0000-1986R,,,
0000-1987L,,,
0000-1988L,,,
0000-1988R,,,
0000-1991R,,,
0000-1994L,,,
0000-1994R,,,
0000-1995L,,,
0000-1995R,,,
0000-1997L,,,
0000-1997R,,,
0000-1998L,,,
0000-1998R,,,
0000-1999L,,,
0000-1999R,,,
